id,file,name,year,doi,disease,transmission_1,stochasticity,model_1,model_2,behavior_1,behavior_2,behavior_3,behavior_4
new_001,scholar_49,analyzing spatial diffusion and vaccination strategies in malaria epidemics: a numerical approach,2025,10.1007/s40808-025-02315-0,malaria,vector,,,,,,,
new_002,scholar_50,implicit versus explicit vector management strategies in models for vector-borne disease epidemiology,2022,10.1007/s00285-022-01742-2,general,vector,deterministic,ode,,control,,,
new_003,scholar_51,modeling the impact of cross-border migration on malaria dynamics in south africa: a reaction-diffusion approach,2025,preprint,malaria,vector,deterministic,ode,pde,movement,,,
new_004,scholar_52,fractional modeling of vector-borne disease dynamics using abc operators and neural networks,2025,10.3934/math.2025710,general,vector,,fde,,no,,,
new_005,scholar_53,vector-borne epidemics driven by human mobility,2020,10.1103/physrevresearch.2.013312,general,vector,stochastic,markov,network,movement,,,
new_006,scholar_54,age-structured malaria model with temperature-dependent dynamics and optimal control analysis within a partial differential equation framework,2025,10.1371/journal.pone.0330158,malaria,vector,deterministic,pde,,vaccination,control,protection,
new_007,scholar_55,"transmission dynamics of a general temporal-spatial vector-host epidemic model with an application to the dengue fever in guangdong, china.",2023,10.3934/dcdsb.2022069,general,vector,deterministic,pde,,control,treatment,,
new_008,scholar_56,"spatiotemporal seiqr epidemic modeling with optimal control for vaccination, treatment, and social measures",2025,10.48550/arxiv.2507.09328,general,vector,deterministic,pde,,movement,protection,vaccionation,control/treatment
new_009,scholar_57,complex dynamics of a host-vector dynamics of dengue infection incorporating optimal control strategy with cost-effectiveness: a fractional-order derivative method,2025,10.1007/s10958-025-07608-4,dengue,vector,,,,,,,-
new_010,scholar_58,modeling the effects of human awareness and use of insecticides on the spread of human african trypanosomiasis: a fractional-order model approach,2025,10.3390/appliedmath5030127,trypanosomiasis,vector,deterministic,fde,,information,protection,control,
new_011,scholar_59,study on viral transmission impact on human population using fractional order zika virus model,2023,10.31763/ijrcs.v3i4.1105,zika,vector,deterministic,fde,,control,information,,
new_012,scholar_60,a new model of dengue fever in terms of fractional derivative,2020,10.3934/mbe.2020285,dengue,vector,deterministic,fde,,vaccination,memory,,
new_013,scholar_61,modeling zika virus disease dynamics with control strategies,2024,10.3390/informatics11040085,zika,vector,deterministic,fde,,protection,information,,
new_014,scholar_62,analysis of fractional-order dynamics of dengue infection with non-linear incidence functions,2022,10.1177/01423312221085049,dengue,vector,deterministic,fde,,vaccination,memory,,
new_015,scholar_63,the impact of media awareness on a fractional-order seir epidemic model with optimal treatment and vaccination,2023,10.1140/epjs/s11734-023-00910-9,,human,,,,,,,
new_016,scholar_64,"modeling dengue with saturated incidence, vaccination, and treatment rates: numerical insights and nonlinear behavior",2025,10.1007/s11071-025-11552-y,,vector,,,,,,,
new_017,scholar_65,an agent-based model to investigate behavior impacts on vector-borne disease spread,2017,10.1109/wsc.2017.8248007,general,vector,,abm,,memory,,,
new_018,scholar_66,towards a hybrid agent-based model for mosquito borne disease,2014,no tiene,general,vector,,abm,network,movement,,,
new_019,scholar_67,evaluation of zika vector control strategies using agent-based modeling,2016,10.48550/arxiv.1604.06121,zika,vector,,abm,,control,,,
new_020,scholar_68,exploring scenarios of chikungunya mitigation with a data-driven agent-based model of the 2014–2016 outbreak in colombia,2018,10.1038/s41598-018-30647-8,chikungunya,vector,,abm,,movement,control,,
new_021,scholar_69,exploring the effects of awareness and time delay in controlling malaria disease propagation,2020,10.1515/ijnsns-2019-0223,malaria,vector,,abm,,information,,,
new_022,scholar_70,a spatial agent-based model to assess the spread of malaria in relation to anti-malaria interventions in southeast iran,2020,10.3390/ijgi9090549,malaria,vector,,abm,,control,,,
new_023,scholar_71,an agent-based model of dengue virus transmission shows how uncertainty about breakthrough infections influences vaccination impact projections,2019,10.1371/journal.pcbi.1006710,dengue,vector,stochastic,abm,,vaccination,,,
new_024,scholar_72,human social behavior and demography drive patterns of fine-scale dengue transmission in endemic areas of colombia,2015,https://doi.org/10.1371/journal.pone.0144451,dengue,vector,,abm,,creo que no tiene,,,
new_025,scholar_73,optimal strategy of vaccination and treatment in an sirs model with markovian switching,2018,10.1002/mma.5378,general,vector,stochastic,markov,ode,vaccination,treatment,,
new_026,wofs_16,dynamics and optimal control of a stochastic zika virus model with spatial diffusion,2023,10.3934/mbe.2023778,zika,vector,deterministic,pde,,protection,control,treatement,
new_027,wofs_17,the impact of human activity on the risk index and spatial spreading of dengue fever,2018,10.1016/j.nonrwa.2017.07.007,dengue,vector,deterministic,pde,,information,,,
new_028,wofs_18,modeling zika transmission dynamics: prevention and control,2020,10.1142/s0218339020500138,zika,vector,,,,,,,
new_029,wofs_19,dynamic analysis of a fractional-order model for vector-borne diseases on bipartite networks,2025,10.3390/fractalfract9110742,general,vector,deterministic,fde,,memory,,,
new_030,wofs_20,optimal control strategies of a fractional order model for zika virus infection involving various transmissions,2021,10.1016/j.chaos.2021.110864,zika,vector,deterministic,fde,,sexual,control,,
new_031,wofs_21,atangana-baleanu fractional dynamics of dengue fever with optimal control strategies,2023,10.3934/math.2023791,dengue,vector,deterministic,fde,,treatment (optimal control problem),,,
new_032,wofs_22,"an agent-based model to simulate tsetse fly distribution and control techniques: a case study in nguruman, kenya",2015,10.1016/j.ecolmodel.2015.07.015,trypanosomiasis,vector,stochastic,abm,,control,,,
new_033,wofs_23,an agent-based model to investigate behavior impacts on vector-borne disease spread,2017,10.5555/3242181.3242425,general,vector,,abm,,memory,,,
new_034,sd_8,modeling and stability analysis of the transmission dynamics of monkeypox with control intervention,2024,10.1016/j.padiff.2024.100730,,human,,,,,,,
new_035,sd_9,dynamics and modeling of malaria disease with vector mortality rate and host transmission by using piecewise fractional operator,2025,10.1016/j.padiff.2025.101309,malaria,vector,deterministic,fde,,control,protection,,
new_036,sd_10,vaccination effect on the dynamics of dengue disease transmission models in nepal: a fractional derivative approach,2023,10.1016/j.padiff.2022.100476,dengue,vector,deterministic,fde,,vaccination,,,
new_037,sd_11,fractal-fractional order dynamics and numerical simulations of a zika epidemic model with insecticide-treated nets,2022,10.1016/j.physa.2022.127809,zika,vector,deterministic,fde,,protection,,,
new_038,sd_12,an agent-based model driven by tropical rainfall to understand the spatio-temporal heterogeneity of a chikungunya outbreak,2014,doi.org/10.1016/j.actatropica.2013.08.004,chikungunya,vector,stochastic,abm,,movement,,,
new_039,sd_13,"an agent-based model to simulate tsetse fly distribution and control techniques: a case study in nguruman, kenya",2015,10.1016/j.ecolmodel.2015.07.015,trypanosomiasis,vector,stochastic,abm,,control,,,
new_040,sd_14,multi-agent modeling and simulation of an aedes aegypti mosquito population,2010,10.1016/j.envsoft.2010.04.021,dengue,vector,,abm,,,,,
new_041,sd_15,seasonal variability and stochastic branching process in malaria outbreak probability,2024,10.1016/j.actatropica.2024.107311,malaria,vector,stochastic,markov,,control,,,
new_042,sd_16,demographic heterogeneities in a stochastic chikungunya virus model with poisson random measures and near-optimal control under markovian regime switching,2025,10.32604/cmes.2025.071629,chikungunya,vector,stochastic,markov,,control,,,
new_043,sd_17,"the effects of vaccination, vector controls and media on dengue transmission dynamics with a seasonally varying mosquito population",2022,10.1016/j.rinp.2022.105298,dengue,vector,,ode,marlov,vaccination,control,information,
